{
  "output": 0,
    "input": [
        [ 0.5083211, 0.766957, 0.7165037, 0.09090897, 0 ],
        [ 0.5083211, 0.7277452, 0.6906898, 0.08180498, 0 ],
        [ 0.5083211, 0.7277452, 0.6906898, 0.08180498, 0 ],
        [ 0.5083211, 0.7277452, 0.6906898, 0.08180498, 0 ],
        [ 0.5083211, 0.7062246, 0.6779563, 0.07321011, 0 ],
        [ 0.5083211, 0.7062246, 0.6779563, 0.07321011, 0 ],
        [ 0.4867058, 0.6301028, 0.5743982, 0.04708392, 0 ],
        [ 0.4867058, 0.6301028, 0.5743982, 0.04708392, 0 ],
        [ 0.4867058, 0.6301028, 0.5743982, 0.04708392, 0 ],
        [ 0.4867058, 0.6301028, 0.5743982, 0.04708392, 0 ],
        [ 0.4867058, 0.6301028, 0.5743982, 0.04708392, 0 ],
        [ 0.4867058, 0.6301028, 0.5743982, 0.04708392, 0 ],
        [ 0.4867058, 0.4810235, 0.4022601, 0.02458232, 0 ],
        [ 0.4867058, 0.4810235, 0.4022601, 0.02458232, 0 ],
        [ 0.4867058, 0.4000229, 0.4022601, 0.02458232, 0 ],
        [ 0.4867058, 0.4000229, 0.4022601, 0.02458232, 0 ],
        [ 0.4867058, 0.3882602, 0.3973626, 0.02458232, 0 ],
        [ 0.4867058, 0.3882602, 0.3973626, 0.02458232, 0 ],
        [ 0.4867058, 0.3882602, 0.3973626, 0.02458232, 0 ],
        [ 0.4867058, 0.3882602, 0.3973626, 0.02821643, 0 ],
        [ 0.4867058, 0.3882602, 0.3973626, 0.02821643, 0 ],
        [ 0.4867058, 0.4350108, 0.4221429, 0.04708392, 0 ],
        [ 0.4867058, 0.4350108, 0.4221429, 0.04708392, 0 ],
        [ 0.4867058, 0.4350108, 0.4221429, 0.04708392, 0 ],
        [ 0.4867058, 0.5785924, 0.5980111, 0.06910248, 0 ],
        [ 0.4867058, 0.5785924, 0.5980111, 0.06910248, 0 ],
        [ 0.4867058, 0.5785924, 0.5980111, 0.06910248, 0 ],
        [ 0.4867058, 0.7917546, 0.9248134, 0.132483, 0 ],
        [ 0.4867058, 0.7917546, 0.9248134, 0.132483, 0 ],
        [0.4867058, 0.7917546, 0.9248134, 0.132483, 0]
        ]
}