{
  "output": 0,
    "input": [
        [ 0.4625652, 0.8907236, 0.9323549, 0.005811807, 0 ],
        [ 0.4625652, 0.8907236, 0.9323549, 0.005811807, 0 ],
        [ 0.4625652, 0.887778, 0.9058675, 0.004952135, 0 ],
        [ 0.4625652, 0.887778, 0.9058675, 0.004952135, 0 ],
        [ 0.4625652, 0.8789182, 0.9058675, 0.003813306, 0 ],
        [ 0.4625652, 0.875957, 0.9058675, 0.003813306, 0 ],
        [ 0.4625652, 0.875957, 0.9058675, 0.003813306, 0 ],
        [ 0.4625652, 0.8729919, 0.9058675, 0.003813306, 0 ],
        [ 0.4625652, 0.8700229, 0.9190703, 0.003813306, 0 ],
        [ 0.4625652, 0.8610916, 0.8927467, 0.002294584, 0 ],
        [ 0.4625652, 0.8610916, 0.8927467, 0.002294584, 0 ],
        [ 0.4625652, 0.840108, 0.8347225, 0.0002499846, 0 ],
        [ 0.4625652, 0.8097668, 0.7297192, 0, 0 ],
        [ 0.4625652, 0.7851675, 0.6882517, 0, 0 ],
        [ 0.4625652, 0.744529, 0.6196003, 0, 0 ],
        [ 0.4625652, 0.744529, 0.6196003, 0, 0 ],
        [ 0.4625652, 0.6834982, 0.5276909, 0, 0 ],
        [ 0.4625652, 0.5613902, 0.4421818, 0, 0 ],
        [ 0.4625652, 0.4738514, 0.3903389, 0, 0 ],
        [ 0.4625652, 0.3916424, 0.3157386, 0, 0 ],
        [ 0.4625652, 0.3669077, 0.2991782, 0, 0 ],
        [ 0.4625652, 0.3710749, 0.3241619, 0, 0 ],
        [ 0.4625652, 0.4315602, 0.3812119, 0, 0 ],
        [ 0.4625652, 0.5292392, 0.5172958, 0, 0 ],
        [ 0.4625652, 0.6505037, 0.7058961, 0, 0 ],
        [ 0.4625652, 0.840108, 0.9190703, 0.002044533, 0 ],
        [ 0.4625652, 0.840108, 0.9190703, 0.002044533, 0 ],
        [ 0.4625652, 0.9170636, 0.9457213, 0.007258358, 0 ],
        [ 0.4625652, 0.9257773, 0.9457213, 0.0101082, 0 ],
        [ 0.4625652, 0.9315684, 0.9457213, 0.0101082, 0 ]
    ]
}