{
  "output": 0,
    "input": [
        [ 0.4892179, 0.8729919, 0.8732196, 0.118733, 0.08653729 ],
        [ 0.4892179, 0.8729919, 0.8732196, 0.118733, 0.08653729 ],
        [ 0.4892179, 0.8729919, 0.8732196, 0.118733, 0.08653729 ],
        [ 0.4892179, 0.8729919, 0.8732196, 0.118733, 0.08653729 ],
        [ 0.4892179, 0.8670498, 0.8347225, 0.1081232, 0.07315423 ],
        [ 0.4892179, 0.8461242, 0.8094724, 0.09330608, 0.07315423 ],
        [ 0.4892179, 0.840108, 0.8094724, 0.09330608, 0.07315423 ],
        [ 0.4892179, 0.8340747, 0.8094724, 0.09330608, 0.07315423 ],
        [ 0.4892179, 0.8189156, 0.7969722, 0.08865424, 0.07315423 ],
        [ 0.4892179, 0.8128209, 0.8094724, 0.08865424, 0.07315423 ],
        [ 0.4892179, 0.7975046, 0.7907534, 0.07347596, 0.04842146 ],
        [ 0.4892179, 0.7975046, 0.7907534, 0.07347596, 0.04842146 ],
        [ 0.4892179, 0.7126644, 0.5018698, 0.02650472, 0.01099079 ],
        [ 0.4892179, 0.7126644, 0.5018698, 0.02650472, 0.01099079 ],
        [ 0.4892179, 0.6337576, 0.3903389, 0.01209415, 0.01099079 ],
        [ 0.4892179, 0.4700698, 0.2991782, 0.01209415, 0.01099079 ],
        [ 0.4892179, 0.3834678, 0.2991782, 0.01209415, 0.01099079 ],
        [ 0.4892179, 0.3793546, 0.2991782, 0.01353773, 0.02885966 ],
        [ 0.4892179, 0.4117922, 0.3241619, 0.03242994, 0.08653729 ],
        [ 0.4892179, 0.4117922, 0.3241619, 0.03242994, 0.08653729 ],
        [ 0.4892179, 0.4393676, 0.3326801, 0.04494442, 0.0976863 ],
        [ 0.4892179, 0.5219903, 0.3721777, 0.05640387, 0.1121426 ],
        [ 0.496029, 0.6834982, 0.5594065, 0.09330608, 0.142665 ],
        [ 0.5028998, 0.8370935, 0.8347225, 0.1478966, 0.1886673 ],
        [ 0.5028998, 0.8966032, 0.9726983, 0.2141782, 0.2236416 ],
        [ 0.5028998, 0.9199718, 0.9726983, 0.2423556, 0.2236416 ],
        [ 0.5028998, 0.9199718, 0.9726983, 0.2423556, 0.2236416 ],
        [ 0.5028998, 0.9199718, 0.9726983, 0.2423556, 0.2236416 ],
        [ 0.5028998, 0.9199718, 0.9726983, 0.2423556, 0.2236416 ],
        [ 0.5028998, 0.9199718, 0.9726983, 0.2423556, 0.2236416 ]
    ]
}