{
  "output": 0,
    "input": [
        [ 0.5900777, 0.7686392, 0.677653, 0.03562503, 0 ],
        [ 0.5900777, 0.7686392, 0.677653, 0.03562503, 0 ],
        [ 0.5900777, 0.7235482, 0.5851195, 0.01607181, 0 ],
        [ 0.5900777, 0.7235482, 0.5851195, 0.01607181, 0 ],
        [ 0.5900777, 0.7235482, 0.5851195, 0.01607181, 0 ],
        [ 0.5977431, 0.654627, 0.5281814, 0.0009852105, 0 ],
        [ 0.5977431, 0.654627, 0.5281814, 0.0009852105, 0 ],
        [ 0.6054711, 0.5504901, 0.4260852, 0, 0 ],
        [ 0.6054711, 0.5504901, 0.4260852, 0, 0 ],
        [ 0.6054711, 0.5504901, 0.4260852, 0, 0 ],
        [ 0.6054711, 0.4228435, 0.3586383, 0, 0 ],
        [ 0.6054711, 0.4228435, 0.3586383, 0, 0 ],
        [ 0.6054711, 0.4228435, 0.3586383, 0, 0 ],
        [ 0.6054711, 0.4228435, 0.3586383, 0, 0 ],
        [ 0.6054711, 0.4228435, 0.3586383, 0, 0 ],
        [ 0.6054711, 0.4228435, 0.3673608, 0, 0 ],
        [ 0.6054711, 0.4228435, 0.3673608, 0, 0 ],
        [ 0.6054711, 0.4228435, 0.3673608, 0, 0 ],
        [ 0.6054711, 0.4228435, 0.3673608, 0, 0 ],
        [ 0.6054711, 0.4228435, 0.3673608, 0, 0 ],
        [ 0.5900777, 0.4268689, 0.3673608, 0.005457477, 0 ],
        [ 0.5900777, 0.4268689, 0.3673608, 0.005457477, 0 ],
        [ 0.5900777, 0.4268689, 0.3673608, 0.005457477, 0 ],
        [ 0.5900777, 0.4699313, 0.3673608, 0.02043539, 0 ],
        [ 0.5900777, 0.4699313, 0.3673608, 0.02043539, 0 ],
        [ 0.5900777, 0.4699313, 0.3673608, 0.02043539, 0 ],
        [ 0.5900777, 0.6416928, 0.5641444, 0.04529742, 0 ],
        [ 0.5900777, 0.6416928, 0.5641444, 0.04529742, 0 ],
        [ 0.5900777, 0.8123975, 0.8295175, 0.08902817, 0 ],
        [ 0.5900777, 0.8123975, 0.8295175, 0.08902817, 0 ]
    ]
}