{
  "output": 0,
    "input": [
        [ 0.5900777, 0.8210023, 0.7288256, 0.08902817, 0 ],
        [ 0.5900777, 0.8210023, 0.7288256, 0.08902817, 0 ],
        [ 0.5900777, 0.7950444, 0.6888953, 0.0557748, 0 ],
        [ 0.5900777, 0.7950444, 0.6888953, 0.0557748, 0 ],
        [ 0.5900777, 0.7950444, 0.6888953, 0.0557748, 0 ],
        [ 0.5900777, 0.7537648, 0.6225611, 0.03939402, 0 ],
        [ 0.5900777, 0.7537648, 0.6225611, 0.03939402, 0 ],
        [ 0.5900777, 0.7537648, 0.6225611, 0.03939402, 0 ],
        [ 0.5900777, 0.6769491, 0.5745935, 0.0268147, 0 ],
        [ 0.5900777, 0.6769491, 0.5745935, 0.0268147, 0 ],
        [ 0.5749339, 0.598682, 0.5281814, 0.007460906, 0 ],
        [ 0.5749339, 0.598682, 0.5281814, 0.007460906, 0 ],
        [ 0.5749339, 0.598682, 0.5281814, 0.007460906, 0 ],
        [ 0.5749339, 0.598682, 0.5281814, 0.007460906, 0 ],
        [ 0.5749339, 0.598682, 0.5281814, 0.007460906, 0 ],
        [ 0.5749339, 0.598682, 0.5281814, 0.007460906, 0 ],
        [ 0.5749339, 0.488837, 0.4168241, 0.007460906, 0 ],
        [ 0.5749339, 0.488837, 0.4168241, 0.007460906, 0 ],
        [ 0.5824747, 0.4661029, 0.4260852, 0.01607181, 0 ],
        [ 0.5824747, 0.4661029, 0.4260852, 0.01607181, 0 ],
        [ 0.5824747, 0.4661029, 0.4260852, 0.01607181, 0 ],
        [ 0.5824747, 0.4661029, 0.4260852, 0.01607181, 0 ],
        [ 0.5824747, 0.4661029, 0.4260852, 0.01607181, 0 ],
        [ 0.5824747, 0.4661029, 0.4260852, 0.01607181, 0 ],
        [ 0.5900777, 0.5219483, 0.4981169, 0.03023115, 0 ],
        [ 0.5900777, 0.5219483, 0.4981169, 0.03023115, 0 ],
        [ 0.5900777, 0.6481766, 0.6225611, 0.04939456, 0 ],
        [ 0.5900777, 0.6481766, 0.6225611, 0.04939456, 0 ],
        [ 0.5900777, 0.6481766, 0.6225611, 0.04939456, 0 ],
        [ 0.5900777, 0.7950444, 0.8539646, 0.08647249, 0 ]
    ]
}