{
  "output": 0,
    "input": [
        [ 0.5674551, 0.8295605, 0.7755589, 0.094219, 0 ],
        [ 0.5674551, 0.8295605, 0.7755589, 0.094219, 0 ],
        [ 0.5674551, 0.815271, 0.7173249, 0.05149041, 0 ],
        [ 0.5674551, 0.815271, 0.7173249, 0.05149041, 0 ],
        [ 0.5674551, 0.7774925, 0.6334293, 0.0268147, 0 ],
        [ 0.5674551, 0.7774925, 0.6334293, 0.0268147, 0 ],
        [ 0.5674551, 0.7774925, 0.6334293, 0.0268147, 0 ],
        [ 0.5674551, 0.6863993, 0.5641444, 0.0009852105, 0 ],
        [ 0.5674551, 0.6863993, 0.5641444, 0.0009852105, 0 ],
        [ 0.5674551, 0.5953076, 0.5281814, 0, 0 ],
        [ 0.5674551, 0.5953076, 0.5281814, 0, 0 ],
        [ 0.5674551, 0.5953076, 0.5281814, 0, 0 ],
        [ 0.5674551, 0.4583966, 0.4076449, 0, 0 ],
        [ 0.5674551, 0.4583966, 0.4076449, 0, 0 ],
        [ 0.5674551, 0.4583966, 0.4076449, 0, 0 ],
        [ 0.5674551, 0.4583966, 0.4076449, 0, 0 ],
        [ 0.5674551, 0.4583966, 0.4076449, 0, 0 ],
        [ 0.5674551, 0.4583966, 0.4076449, 0, 0 ],
        [ 0.5674551, 0.4583966, 0.4076449, 0, 0 ],
        [ 0.5674551, 0.4583966, 0.4076449, 0, 0 ],
        [ 0.5674551, 0.4545182, 0.4076449, 0, 0 ],
        [ 0.5674551, 0.4545182, 0.4076449, 0, 0 ],
        [ 0.5674551, 0.4545182, 0.4076449, 0, 0 ],
        [ 0.5674551, 0.4699313, 0.4168241, 0.004542393, 0 ],
        [ 0.5674551, 0.4699313, 0.4168241, 0.004542393, 0 ],
        [ 0.5674551, 0.5540037, 0.5080597, 0.02197173, 0 ],
        [ 0.5674551, 0.5540037, 0.5080597, 0.02197173, 0 ],
        [ 0.5674551, 0.5540037, 0.5080597, 0.02197173, 0 ],
        [ 0.5674551, 0.7112774, 0.7520466, 0.04939456, 0 ],
        [ 0.5674551, 0.7112774, 0.7520466, 0.04939456, 0 ]
    ]
}