{
  "output": 0,
    "input": [
        [ 0.5098304, 0.8577642, 0.8417054, 0.2659729, 0.9765956 ],
        [ 0.5098304, 0.8549656, 0.8417054, 0.2659729, 0.9765956 ],
        [ 0.5098304, 0.8493542, 0.8417054, 0.2659729, 0.9765956 ],
        [ 0.5098304, 0.8465413, 0.8417054, 0.2659729, 0.9765956 ],
        [ 0.5098304, 0.8409008, 0.8417054, 0.2621804, 0.9765956 ],
        [ 0.5098304, 0.8380732, 0.8417054, 0.2621804, 0.9765956 ],
        [ 0.5028998, 0.8181393, 0.8053562, 0.2289376, 0.9765956 ],
        [ 0.5028998, 0.780432, 0.6664849, 0.1547552, 0.9765956 ],
        [ 0.5028998, 0.780432, 0.6664849, 0.1547552, 0.9765956 ],
        [ 0.5028998, 0.7477723, 0.6171554, 0.116012, 0.9765956 ],
        [ 0.5028998, 0.7020018, 0.5180814, 0.05796264, 0.9765956 ],
        [ 0.5028998, 0.6020465, 0.3985479, 0.02197173, 0.9765956 ],
        [ 0.5028998, 0.4228435, 0.2236121, 0.005457477, 0.9765956 ],
        [ 0.5028998, 0.07508925, 0.1046342, 0.005457477, 0.9765956 ],
        [ 0.5028998, 0, 0.07253856, 0.005457477, 0.9765956 ],
        [ 0.5028998, 0, 0.07253856, 0.008544264, 0.9765956 ],
        [ 0.5028998, 0, 0.0680251, 0.01086408, 0.9765956 ],
        [ 0.5028998, 0, 0.0680251, 0.01086408, 0.9765956 ],
        [ 0.5028998, 0, 0.08676698, 0.02043539, 0.9765956 ],
        [ 0.5028998, 0, 0.1534274, 0.06701086, 0.9765956 ],
        [ 0.5028998, 0.406538, 0.4168241, 0.1304394, 0.9765956 ],
        [ 0.5028998, 0.7204906, 0.7755589, 0.2736163, 0.9765956 ],
        [ 0.5028998, 0.8854949, 0.8974295, 0.3972241, 0.9765956 ],
        [ 0.5028998, 0.8854949, 0.8974295, 0.3972241, 0.9765956 ],
        [ 0.5028998, 0.8854949, 0.8974295, 0.3972241, 0.9765956 ],
        [ 0.5028998, 0.8854949, 0.8974295, 0.3972241, 0.9765956 ],
        [ 0.5028998, 0.8854949, 0.8974295, 0.3972241, 0.9765956 ],
        [ 0.5028998, 0.8854949, 0.8974295, 0.3972241, 0.9765956 ],
        [ 0.5028998, 0.8854949, 0.8974295, 0.3972241, 0.9765956 ],
        [ 0.5028998, 0.8854949, 0.8974295, 0.3972241, 0.9765956 ]
    ]
}