{
  "output": 0,
    "input": [
        [ 0.5028998, 0.8689115, 0.8662947, 0.3841331, 0.9765956 ],
        [ 0.5028998, 0.8689115, 0.8662947, 0.3841331, 0.9765956 ],
        [ 0.5028998, 0.8549656, 0.8417054, 0.3712, 0.9765956 ],
        [ 0.5028998, 0.8380732, 0.7755589, 0.3416457, 0.9765956 ],
        [ 0.5028998, 0.8210023, 0.7637664, 0.3292503, 0.9765956 ],
        [ 0.5028998, 0.7979501, 0.7288256, 0.285226, 0.9765956 ],
        [ 0.5028998, 0.7774925, 0.7058977, 0.2546541, 0.9765956 ],
        [ 0.5028998, 0.7627075, 0.7002118, 0.2398388, 0.9765956 ],
        [ 0.5028998, 0.7081925, 0.6225611, 0.1805249, 0.9765956 ],
        [ 0.5028998, 0.7081925, 0.6225611, 0.1805249, 0.9765956 ],
        [ 0.5028998, 0.7081925, 0.6225611, 0.1805249, 0.9765956 ],
        [ 0.5028998, 0.6187257, 0.4448515, 0.09685372, 0.9765956 ],
        [ 0.5028998, 0.4661029, 0.2879426, 0.03749255, 0.9765956 ],
        [ 0.5028998, 0.2443344, 0.1723955, 0.03749255, 0.9765956 ],
        [ 0.5028998, 0, 0.1154385, 0.03562503, 0.9953119 ],
        [ 0.5028998, 0, 0.1099831, 0.0557748, 0.9953119 ],
        [ 0.5028998, 0, 0.147303, 0.08144168, 0.9953119 ],
        [ 0.5028998, 0, 0.147303, 0.08144168, 0.9953119 ],
        [ 0.5028998, 0.1408752, 0.2164767, 0.1304394, 0.9953119 ],
        [ 0.5028998, 0.1408752, 0.2164767, 0.1304394, 0.9953119 ],
        [ 0.5028998, 0.3283789, 0.3162982, 0.161064, 0.9953119 ],
        [ 0.5028998, 0.578284, 0.5434777, 0.285226, 0.9953119 ],
        [ 0.5098304, 0.8181393, 0.8174011, 0.3798045, 0.9953119 ],
        [ 0.5098304, 0.8772235, 0.8911673, 0.4328943, 0.9953119 ],
        [ 0.5098304, 0.8882431, 0.8911673, 0.4419825, 0.9953119 ],
        [ 0.5098304, 0.8882431, 0.8911673, 0.4419825, 0.9953119 ],
        [ 0.5098304, 0.8882431, 0.8911673, 0.4419825, 0.9953119 ],
        [ 0.5098304, 0.8882431, 0.8911673, 0.4419825, 0.9953119 ],
        [ 0.5098304, 0.8882431, 0.8911673, 0.4511381, 0.9953119 ],
        [ 0.5098304, 0.8882431, 0.8911673, 0.4511381, 0.9953119 ]
    ]
}