{
  "output": 0,
    "input": [
        [ 0.5381554, 0.9343109, 0.9353712, 0.6270591, 0.9953119 ],
        [ 0.5309833, 0.9262681, 0.9100067, 0.6116185, 0.9953119 ],
        [ 0.5309833, 0.9127823, 0.8786957, 0.5761303, 0.9953119 ],
        [ 0.5309833, 0.9073589, 0.8786957, 0.5711228, 0.9953119 ],
        [ 0.5309833, 0.9019187, 0.8662947, 0.5561945, 0.9953119 ],
        [ 0.5309833, 0.8854949, 0.8539646, 0.5414085, 0.9953119 ],
        [ 0.5309833, 0.8854949, 0.8539646, 0.5414085, 0.9953119 ],
        [ 0.5309833, 0.8772235, 0.8539646, 0.5267657, 0.9953119 ],
        [ 0.5309833, 0.8716868, 0.8539646, 0.517084, 0.9953119 ],
        [ 0.5098304, 0.8295605, 0.7874237, 0.4649971, 0.9953119 ],
        [ 0.5098304, 0.7686392, 0.6553915, 0.3712, 0.9953119 ],
        [ 0.5098304, 0.726599, 0.5537724, 0.3089589, 0.9953119 ],
        [ 0.5098304, 0.6187257, 0.4591383, 0.2361849, 0.9953119 ],
        [ 0.5098304, 0.4622581, 0.2722223, 0.2361849, 0.9953119 ],
        [ 0.5098304, 0.4622581, 0.2722223, 0.2361849, 0.9953119 ],
        [ 0.5098304, 0.2166927, 0.2024861, 0.2361849, 0.9953119 ],
        [ 0.5098304, 0.2166927, 0.2024861, 0.2509205, 0.9953119 ],
        [ 0.5098304, 0.2166927, 0.2024861, 0.2546541, 0.9953119 ],
        [ 0.5098304, 0.2166927, 0.2024861, 0.2546541, 0.9953119 ],
        [ 0.5098304, 0.222362, 0.2094345, 0.2659729, 0.9953119 ],
        [ 0.5098304, 0.2443344, 0.2308399, 0.285226, 0.9953119 ],
        [ 0.5098304, 0.578284, 0.5332607, 0.423874, 0.9953119 ],
        [ 0.5098304, 0.578284, 0.5332607, 0.423874, 0.9953119 ],
        [ 0.5098304, 0.7507717, 0.8053562, 0.4931628, 0.9953119 ],
        [ 0.5098304, 0.8854949, 0.9481582, 0.5414085, 0.9953119 ],
        [ 0.5098304, 0.9343109, 0.9934593, 0.5611549, 0.9953119 ],
        [ 0.5098304, 0.9343109, 0.9934593, 0.5611549, 0.9953119 ],
        [ 0.5098304, 0.9343109, 0.9934593, 0.5611549, 0.9953119 ],
        [ 0.5098304, 0.9343109, 0.9934593, 0.5611549, 0.9953119 ],
        [ 0.5098304, 0.9343109, 0.9934593, 0.5611549, 0.9765956 ]
    ]
}