{
    "output": 1,
    "input": [
        [ 0.449591, 0.5172802, 0.0007410842, 0, 0 ],
        [ 0.449591, 0.5172802, 0.0007410842, 0, 0 ],
        [ 0.449591, 0.5172802, 0.0007410842, 0, 0 ],
        [ 0.449591, 0.5172802, 0.0007410842, 0, 0 ],
        [ 0.449591, 0.5172802, 0.0007410842, 0, 0 ],
        [ 0.449591, 0.5172802, 0.0007410842, 0, 0 ],
        [ 0.449591, 0.5259674, 0.0007410842, 0, 0 ],
        [ 0.449591, 0.5259674, 0.0007410842, 0, 0 ],
        [ 0.449591, 0.5478202, 0.0007410842, 0, 0 ],
        [ 0.449591, 0.5478202, 0.0007410842, 0, 0 ],
        [ 0.449591, 0.5478202, 0.0007410842, 0, 0 ],
        [ 0.449591, 0.6325509, 0.0007410842, 0, 0 ],
        [ 0.449591, 0.6325509, 0.0007410842, 0, 0 ],
        [ 0.449591, 0.6325509, 0.0007410842, 0, 0 ],
        [ 0.449591, 0.6325509, 0.0007410842, 0, 0 ],
        [ 0.449591, 0.6325509, 0.0007410842, 0, 0 ],
        [ 0.449591, 0.6325509, 0.0007410842, 0, 0 ],
        [ 0.449591, 0.6325509, 0.0007410842, 0, 0 ],
        [ 0.449591, 0.6055123, 0.0007410842, 0, 0 ],
        [ 0.449591, 0.6055123, 0.0007410842, 0, 0 ],
        [ 0.449591, 0.6055123, 0.0007410842, 0, 0 ],
        [ 0.449591, 0.5216199, 0.0003281837, 0, 0 ],
        [ 0.449591, 0.5216199, 0.0003281837, 0, 0 ],
        [ 0.449591, 0.5216199, 0.0003281837, 0, 0 ],
        [ 0.449591, 0.5216199, 0.0003281837, 0, 0 ],
        [ 0.449591, 0.5216199, 0.0003281837, 0, 0 ],
        [ 0.449591, 0.5216199, 0.0003281837, 0, 0 ],
        [ 0.449591, 0.5216199, 0.0003281837, 0, 0 ],
        [ 0.4560489, 0.5259674, 0.0003281837, 0, 0 ],
        [ 0.4560489, 0.5259674, 0.0003281837, 0, 0 ]
    ]
}