{
    "output": 1,
    "input": [
        [ 0.5238719, 0.7855968, 0.01510419, 0, 0 ],
        [ 0.5028998, 0.7713941, 0.01510419, 0, 0 ],
        [ 0.4757736, 0.7431571, 0.01510419, 0, 0 ],
        [ 0.4757736, 0.7291242, 0.01585323, 0, 0 ],
        [ 0.4757736, 0.7151491, 0.01585323, 0, 0 ],
        [ 0.4757736, 0.7012326, 0.01585323, 0, 0 ],
        [ 0.4757736, 0.6735775, 0.01824337, 0, 0 ],
        [ 0.4757736, 0.6461647, 0.01824337, 0, 0 ],
        [ 0.4757736, 0.5742928, 0.01824337, 0, 0 ],
        [ 0.4757736, 0.5742928, 0.01824337, 0, 0 ],
        [ 0.4757736, 0.5086243, 0.01824337, 0, 0 ],
        [ 0.4757736, 0.5086243, 0.01824337, 0, 0 ],
        [ 0.4757736, 0.5172802, 0.01824337, 0, 0 ],
        [ 0.4757736, 0.5259674, 0.01824337, 0, 0 ],
        [ 0.4757736, 0.7105038, 0.01824337, 0, 0 ],
        [ 0.4757736, 0.7105038, 0.01824337, 0, 0 ],
        [ 0.4757736, 0.7105038, 0.01824337, 0, 0 ],
        [ 0.4757736, 0.7058648, 0.01824337, 0, 0 ],
        [ 0.4757736, 0.6507165, 0.01824337, 0, 0 ],
        [ 0.4757736, 0.5965562, 0.01908886, 0, 0 ],
        [ 0.4757736, 0.5259674, 0.01995929, 0, 0 ],
        [ 0.4824662, 0.5259674, 0.02177628, 0, 0 ],
        [ 0.4892179, 0.5259674, 0.02177628, 0, 0 ],
        [ 0.4892179, 0.5390561, 0.02177628, 0, 0 ],
        [ 0.4892179, 0.5522135, 0.02177628, 0, 0 ],
        [ 0.4892179, 0.5522135, 0.02177628, 0, 0 ],
        [ 0.4892179, 0.6010306, 0.02177628, 0, 0 ],
        [ 0.4892179, 0.7572473, 0.01367562, 0, 0 ],
        [ 0.4892179, 0.8189514, 0.01367562, 0, 0 ],
        [ 0.4892179, 0.8189514, 0.01367562, 0, 0 ]
    ]
}