{
    "output": 1,
    "input": [
        [ 0.4892179, 0.7998551, 0.01585323, 0, 0 ],
        [ 0.4892179, 0.7998551, 0.01585323, 0, 0 ],
        [ 0.4757736, 0.7619566, 0.01585323, 0, 0 ],
        [ 0.4757736, 0.7525442, 0.01585323, 0, 0 ],
        [ 0.4757736, 0.7337955, 0.01585323, 0, 0 ],
        [ 0.4757736, 0.7151491, 0.01585323, 0, 0 ],
        [ 0.4757736, 0.7012326, 0.01585323, 0, 0 ],
        [ 0.4757736, 0.6827693, 0.01585323, 0, 0 ],
        [ 0.4757736, 0.6370819, 0.01585323, 0, 0 ],
        [ 0.4757736, 0.6370819, 0.01585323, 0, 0 ],
        [ 0.4757736, 0.5086243, 0.01585323, 0, 0 ],
        [ 0.4757736, 0.5086243, 0.01585323, 0, 0 ],
        [ 0.4757736, 0.5086243, 0.01585323, 0, 0 ],
        [ 0.4757736, 0.5172802, 0.01585323, 0, 0 ],
        [ 0.4757736, 0.5303226, 0.01585323, 0, 0 ],
        [ 0.4757736, 0.6055123, 0.01585323, 0, 0 ],
        [ 0.4757736, 0.7012326, 0.01585323, 0, 0 ],
        [ 0.4757736, 0.7012326, 0.01585323, 0, 0 ],
        [ 0.4757736, 0.7012326, 0.01585323, 0, 0 ],
        [ 0.4757736, 0.6552751, 0.01585323, 0, 0 ],
        [ 0.4757736, 0.610001, 0.01585323, 0, 0 ],
        [ 0.4757736, 0.5259674, 0.01662588, 0, 0 ],
        [ 0.4824662, 0.5216199, 0.01662588, 0, 0 ],
        [ 0.5028998, 0.5259674, 0.01662588, 0, 0 ],
        [ 0.5028998, 0.5303226, 0.01510419, 0, 0 ],
        [ 0.5028998, 0.5303226, 0.01510419, 0, 0 ],
        [ 0.5028998, 0.5390561, 0.01510419, 0, 0 ],
        [ 0.5098304, 0.6735775, 0.01510419, 0, 0 ],
        [ 0.516821, 0.7761222, 0.01510419, 0, 0 ],
        [ 0.5238719, 0.8189514, 0.01585323, 0, 0 ]
    ]
}