{
    "output": 1,
    "input": [
        [ 0.4691401, 0.8093912, 0.01510419, 0, 0 ],
        [ 0.4625652, 0.7950963, 0.01510419, 0, 0 ],
        [ 0.449591, 0.7478475, 0.01510419, 0, 0 ],
        [ 0.449591, 0.7151491, 0.01510419, 0, 0 ],
        [ 0.449591, 0.6735775, 0.01510419, 0, 0 ],
        [ 0.449591, 0.6325509, 0.01510419, 0, 0 ],
        [ 0.449591, 0.5478202, 0.01510419, 0, 0 ],
        [ 0.449591, 0.5172802, 0.01367562, 0, 0 ],
        [ 0.449591, 0.5172802, 0.01367562, 0, 0 ],
        [ 0.449591, 0.5172802, 0.01367562, 0, 0 ],
        [ 0.449591, 0.5172802, 0.01367562, 0, 0 ],
        [ 0.449591, 0.5259674, 0.01367562, 0, 0 ],
        [ 0.449591, 0.5434343, 0.01367562, 0, 0 ],
        [ 0.449591, 0.610001, 0.01367562, 0, 0 ],
        [ 0.449591, 0.6873751, 0.01367562, 0, 0 ],
        [ 0.449591, 0.6873751, 0.01367562, 0, 0 ],
        [ 0.449591, 0.6873751, 0.01367562, 0, 0 ],
        [ 0.449591, 0.6873751, 0.01367562, 0, 0 ],
        [ 0.449591, 0.6416199, 0.01367562, 0, 0 ],
        [ 0.449591, 0.5522135, 0.01367562, 0, 0 ],
        [ 0.449591, 0.5216199, 0.01510419, 0, 0 ],
        [ 0.449591, 0.5216199, 0.01510419, 0, 0 ],
        [ 0.4625652, 0.5216199, 0.01510419, 0, 0 ],
        [ 0.5098304, 0.719801, 0.01662588, 0, 0 ],
        [ 0.516821, 0.8333369, 0.01662588, 0, 0 ],
        [ 0.516821, 0.8333369, 0.01662588, 0, 0 ],
        [ 0.516821, 0.842957, 0.01662588, 0, 0 ],
        [ 0.516821, 0.842957, 0.01662588, 0, 0 ],
        [ 0.516821, 0.842957, 0.01662588, 0, 0 ],
        [ 0.516821, 0.842957, 0.01662588, 0, 0 ]
    ]
}