{
    "output": 1,
    "input": [
        [ 0.5238719, 0.7950963, 0.01662588, 0, 0 ],
        [ 0.5238719, 0.7903435, 0.01662588, 0, 0 ],
        [ 0.5238719, 0.7903435, 0.01662588, 0, 0 ],
        [ 0.5238719, 0.7808564, 0.01662588, 0, 0 ],
        [ 0.5238719, 0.7808564, 0.01662588, 0, 0 ],
        [ 0.5238719, 0.7808564, 0.01662588, 0, 0 ],
        [ 0.5028998, 0.7619566, 0.01662588, 0, 0 ],
        [ 0.5028998, 0.7058648, 0.01662588, 0, 0 ],
        [ 0.5028998, 0.5, 0.01662588, 0, 0 ],
        [ 0.5028998, 0.5, 0.01662588, 0, 0 ],
        [ 0.5028998, 0.4956998, 0.01662588, 0, 0 ],
        [ 0.5028998, 0.5086243, 0.01662588, 0, 0 ],
        [ 0.5028998, 0.5129483, 0.01585323, 0, 0 ],
        [ 0.5028998, 0.5129483, 0.01585323, 0, 0 ],
        [ 0.5028998, 0.5172802, 0.01585323, 0, 0 ],
        [ 0.5028998, 0.6598405, 0.01585323, 0, 0 ],
        [ 0.5028998, 0.6598405, 0.01585323, 0, 0 ],
        [ 0.5028998, 0.6598405, 0.01824337, 0, 0 ],
        [ 0.5028998, 0.6235098, 0.01824337, 0, 0 ],
        [ 0.5028998, 0.5434343, 0.01824337, 0, 0 ],
        [ 0.5028998, 0.4828473, 0.01824337, 0, 0 ],
        [ 0.5028998, 0.4828473, 0.01824337, 0, 0 ],
        [ 0.5028998, 0.4828473, 0.01824337, 0, 0 ],
        [ 0.5028998, 0.4828473, 0.01824337, 0, 0 ],
        [ 0.5028998, 0.4871234, 0.01824337, 0, 0 ],
        [ 0.5028998, 0.5, 0.01824337, 0, 0 ],
        [ 0.5098304, 0.6827693, 0.01824337, 0, 0 ],
        [ 0.5238719, 0.8046201, 0.01824337, 0, 0 ],
        [ 0.5238719, 0.8046201, 0.01824337, 0, 0 ],
        [ 0.5238719, 0.8046201, 0.01824337, 0, 0 ]
    ]
}