{
    "output": 1,
    "input": [
        [ 0.5238719, 0.7291242, 0.01662588, 0, 0 ],
        [ 0.5238719, 0.7291242, 0.01662588, 0, 0 ],
        [ 0.5238719, 0.7291242, 0.01662588, 0, 0 ],
        [ 0.4892179, 0.7244594, 0.01662588, 0, 0 ],
        [ 0.4824662, 0.7151491, 0.01662588, 0, 0 ],
        [ 0.4691401, 0.7012326, 0.01662588, 0, 0 ],
        [ 0.4691401, 0.7012326, 0.01662588, 0, 0 ],
        [ 0.4625652, 0.6827693, 0.01824337, 0, 0 ],
        [ 0.4625652, 0.6507165, 0.01824337, 0, 0 ],
        [ 0.4625652, 0.6144968, 0.01824337, 0, 0 ],
        [ 0.4625652, 0.6144968, 0.01824337, 0, 0 ],
        [ 0.4625652, 0.4956998, 0.01824337, 0, 0 ],
        [ 0.4625652, 0.4956998, 0.01824337, 0, 0 ],
        [ 0.4625652, 0.4956998, 0.01824337, 0, 0 ],
        [ 0.4625652, 0.4956998, 0.01824337, 0, 0 ],
        [ 0.4625652, 0.5434343, 0.01824337, 0, 0 ],
        [ 0.4625652, 0.6966068, 0.01824337, 0, 0 ],
        [ 0.4625652, 0.6966068, 0.01824337, 0, 0 ],
        [ 0.4625652, 0.6781701, 0.01824337, 0, 0 ],
        [ 0.4625652, 0.6055123, 0.01824337, 0, 0 ],
        [ 0.4625652, 0.5346855, 0.01824337, 0, 0 ],
        [ 0.4691401, 0.5346855, 0.01824337, 0, 0 ],
        [ 0.4691401, 0.5346855, 0.01824337, 0, 0 ],
        [ 0.4824662, 0.5390561, 0.01824337, 0, 0 ],
        [ 0.5028998, 0.5698621, 0.01824337, 0, 0 ],
        [ 0.5028998, 0.6507165, 0.01824337, 0, 0 ],
        [ 0.5028998, 0.8093912, 0.01824337, 0, 0 ],
        [ 0.5028998, 0.8189514, 0.01824337, 0, 0 ],
        [ 0.5028998, 0.8189514, 0.01824337, 0, 0 ],
        [ 0.5028998, 0.8189514, 0.01824337, 0, 0 ]
    ]
}