{
    "output": 1,
    "input": [
        [ 0.4892179, 0.7761222, 0.01908886, 0, 0 ],
        [ 0.4757736, 0.7572473, 0.01908886, 0, 0 ],
        [ 0.4757736, 0.7431571, 0.01908886, 0, 0 ],
        [ 0.4757736, 0.7291242, 0.01908886, 0, 0 ],
        [ 0.4757736, 0.719801, 0.01995929, 0, 0 ],
        [ 0.4757736, 0.7105038, 0.02177628, 0, 0 ],
        [ 0.4757736, 0.6873751, 0.02177628, 0, 0 ],
        [ 0.4757736, 0.6644127, 0.02177628, 0, 0 ],
        [ 0.4757736, 0.6644127, 0.02177628, 0, 0 ],
        [ 0.4757736, 0.6144968, 0.02177628, 0, 0 ],
        [ 0.4757736, 0.4828473, 0.02177628, 0, 0 ],
        [ 0.4757736, 0.4828473, 0.02177628, 0, 0 ],
        [ 0.4757736, 0.4828473, 0.02177628, 0, 0 ],
        [ 0.4757736, 0.4828473, 0.02177628, 0, 0 ],
        [ 0.4757736, 0.6919877, 0.02177628, 0, 0 ],
        [ 0.4757736, 0.6919877, 0.02177628, 0, 0 ],
        [ 0.4757736, 0.6919877, 0.02177628, 0, 0 ],
        [ 0.4757736, 0.6919877, 0.02177628, 0, 0 ],
        [ 0.4757736, 0.6873751, 0.02177628, 0, 0 ],
        [ 0.4757736, 0.6507165, 0.02177628, 0, 0 ],
        [ 0.4757736, 0.6055123, 0.02177628, 0, 0 ],
        [ 0.4757736, 0.5259674, 0.02177628, 0, 0 ],
        [ 0.4757736, 0.5259674, 0.02177628, 0, 0 ],
        [ 0.4824662, 0.5259674, 0.02177628, 0, 0 ],
        [ 0.5028998, 0.5346855, 0.02177628, 0, 0 ],
        [ 0.5028998, 0.5346855, 0.01908886, 0, 0 ],
        [ 0.5028998, 0.5390561, 0.01908886, 0, 0 ],
        [ 0.516821, 0.6873751, 0.01908886, 0, 0 ],
        [ 0.5309833, 0.8237406, 0.01908886, 0, 0 ],
        [ 0.5381554, 0.8622681, 0.01908886, 0, 0 ]
    ]
}