{
    "output": 1,
    "input": [
        [ 0.4625652, 0.7903435, 0.01908886, 0, 0 ],
        [ 0.4625652, 0.7478475, 0.01995929, 0, 0 ],
        [ 0.4625652, 0.7244594, 0.01995929, 0, 0 ],
        [ 0.4625652, 0.7244594, 0.01995929, 0, 0 ],
        [ 0.4625652, 0.6919877, 0.01995929, 0, 0 ],
        [ 0.4625652, 0.6919877, 0.01995929, 0, 0 ],
        [ 0.4625652, 0.6325509, 0.01995929, 0, 0 ],
        [ 0.4625652, 0.5129483, 0.01995929, 0, 0 ],
        [ 0.4691401, 0.5129483, 0.02177628, 0, 0 ],
        [ 0.4691401, 0.5172802, 0.02177628, 0, 0 ],
        [ 0.4691401, 0.5303226, 0.02177628, 0, 0 ],
        [ 0.4691401, 0.6552751, 0.02177628, 0, 0 ],
        [ 0.4691401, 0.6735775, 0.02177628, 0, 0 ],
        [ 0.4691401, 0.6735775, 0.02177628, 0, 0 ],
        [ 0.4691401, 0.6598405, 0.02177628, 0, 0 ],
        [ 0.4691401, 0.5965562, 0.02177628, 0, 0 ],
        [ 0.4691401, 0.5346855, 0.02177628, 0, 0 ],
        [ 0.4691401, 0.5346855, 0.02177628, 0, 0 ],
        [ 0.4757736, 0.5346855, 0.02177628, 0, 0 ],
        [ 0.5028998, 0.5390561, 0.02177628, 0, 0 ],
        [ 0.516821, 0.5654387, 0.02177628, 0, 0 ],
        [ 0.516821, 0.5654387, 0.02177628, 0, 0 ],
        [ 0.516821, 0.5787309, 0.02177628, 0, 0 ],
        [ 0.5238719, 0.7291242, 0.02177628, 0, 0 ],
        [ 0.5309833, 0.8141683, 0.02177628, 0, 0 ],
        [ 0.5309833, 0.8285357, 0.02177628, 0, 0 ],
        [ 0.5309833, 0.8285357, 0.02177628, 0, 0 ],
        [ 0.5309833, 0.8285357, 0.02177628, 0, 0 ],
        [ 0.5309833, 0.8285357, 0.02177628, 0, 0 ],
        [ 0.5309833, 0.8285357, 0.02177628, 0, 0 ]
    ]
}