{
    "output": 1,
    "input": [
        [ 0.4691401, 0.7761222, 0.02177628, 0, 0 ],
        [ 0.4691401, 0.7572473, 0.02177628, 0, 0 ],
        [ 0.4691401, 0.7291242, 0.02177628, 0, 0 ],
        [ 0.4691401, 0.7291242, 0.02177628, 0, 0 ],
        [ 0.4691401, 0.7012326, 0.02177628, 0, 0 ],
        [ 0.4691401, 0.6919877, 0.02177628, 0, 0 ],
        [ 0.4691401, 0.6325509, 0.02177628, 0, 0 ],
        [ 0.4691401, 0.6325509, 0.02177628, 0, 0 ],
        [ 0.4691401, 0.5303226, 0.02177628, 0, 0 ],
        [ 0.4757736, 0.5303226, 0.02177628, 0, 0 ],
        [ 0.4757736, 0.5303226, 0.02177628, 0, 0 ],
        [ 0.4757736, 0.5390561, 0.02177628, 0, 0 ],
        [ 0.4757736, 0.5522135, 0.02177628, 0, 0 ],
        [ 0.4757736, 0.5787309, 0.02177628, 0, 0 ],
        [ 0.4757736, 0.6598405, 0.02177628, 0, 0 ],
        [ 0.4625652, 0.6689918, 0.02177628, 0, 0 ],
        [ 0.4625652, 0.6280268, 0.02177628, 0, 0 ],
        [ 0.4625652, 0.5478202, 0.0227235, 0, 0 ],
        [ 0.4625652, 0.5478202, 0.0227235, 0, 0 ],
        [ 0.4691401, 0.5434343, 0.0227235, 0, 0 ],
        [ 0.4757736, 0.5478202, 0.0227235, 0, 0 ],
        [ 0.5028998, 0.592089, 0.0227235, 0, 0 ],
        [ 0.5028998, 0.592089, 0.0227235, 0, 0 ],
        [ 0.5028998, 0.592089, 0.0227235, 0, 0 ],
        [ 0.5028998, 0.592089, 0.0227235, 0, 0 ],
        [ 0.5098304, 0.7525442, 0.0227235, 0, 0 ],
        [ 0.5098304, 0.7808564, 0.0227235, 0, 0 ],
        [ 0.5098304, 0.7808564, 0.0227235, 0, 0 ],
        [ 0.5098304, 0.7808564, 0.0227235, 0, 0 ],
        [ 0.5098304, 0.7808564, 0.0227235, 0, 0 ]
    ]
}