{
    "output": 2,
    "input": [
        [ 0.4120553, 0.8574316, 0.6754395, 0, 0 ],
        [ 0.4120553, 0.8574316, 0.6754395, 0, 0 ],
        [ 0.4120553, 0.8574316, 0.6754395, 0, 0 ],
        [ 0.4120553, 0.847776, 0.6499144, 0, 0 ],
        [ 0.4120553, 0.847776, 0.6499144, 0, 0 ],
        [ 0.38817, 0.842957, 0.6087743, 0, 0 ],
        [ 0.38817, 0.8333369, 0.481587, 0, 0 ],
        [ 0.38817, 0.8333369, 0.4477775, 0, 0 ],
        [ 0.38817, 0.8333369, 0.4477775, 0, 0 ],
        [ 0.38817, 0.8333369, 0.4477775, 0, 0 ],
        [ 0.38817, 0.8333369, 0.4955593, 0, 0 ],
        [ 0.38817, 0.8333369, 0.4955593, 0, 0 ],
        [ 0.38817, 0.8333369, 0.4955593, 0, 0 ],
        [ 0.38817, 0.8333369, 0.4955593, 0, 0 ],
        [ 0.38817, 0.8333369, 0.5026427, 0, 0 ],
        [ 0.38817, 0.8574316, 0.5771046, 0, 0 ],
        [ 0.38817, 0.8914098, 0.5771046, 0, 0 ],
        [ 0.38817, 0.8914098, 0.5540658, 0, 0 ],
        [ 0.38817, 0.8914098, 0.5316304, 0, 0 ],
        [ 0.38817, 0.8768129, 0.5026427, 0, 0 ],
        [ 0.38817, 0.8768129, 0.5026427, 0, 0 ],
        [ 0.38817, 0.8622681, 0.4544123, 0, 0 ],
        [ 0.38817, 0.8622681, 0.4544123, 0, 0 ],
        [ 0.38817, 0.8622681, 0.4544123, 0, 0 ],
        [ 0.38817, 0.8671106, 0.4678721, 0, 0 ],
        [ 0.38817, 0.8865384, 0.5170051, 0, 0 ],
        [ 0.38817, 0.9060582, 0.6415469, 0, 0 ],
        [ 0.38817, 0.9060582, 0.8225501, 0, 0 ],
        [ 0.38817, 0.9060582, 0.8225501, 0, 0 ],
        [ 0.38817, 0.9060582, 0.8225501, 0, 0 ]
    ]
}