{
    "output": 2,
    "input": [
        [ 0.4, 0.8671106, 0.6668604, 0, 0 ],
        [ 0.4, 0.8671106, 0.6415469, 0, 0 ],
        [ 0.4, 0.8671106, 0.6168634, 0, 0 ],
        [ 0.38817, 0.847776, 0.561678, 0, 0 ],
        [ 0.38817, 0.847776, 0.561678, 0, 0 ],
        [ 0.38817, 0.8285357, 0.4955593, 0, 0 ],
        [ 0.38817, 0.7998551, 0.4030819, 0, 0 ],
        [ 0.38817, 0.7998551, 0.4030819, 0, 0 ],
        [ 0.38817, 0.7998551, 0.4155426, 0, 0 ],
        [ 0.38817, 0.7998551, 0.4218653, 0, 0 ],
        [ 0.38817, 0.8046201, 0.4678721, 0, 0 ],
        [ 0.38817, 0.847776, 0.561678, 0, 0 ],
        [ 0.38817, 0.8719589, 0.561678, 0, 0 ],
        [ 0.38817, 0.8719589, 0.561678, 0, 0 ],
        [ 0.38817, 0.8719589, 0.561678, 0, 0 ],
        [ 0.38817, 0.8719589, 0.5465207, 0, 0 ],
        [ 0.38817, 0.8719589, 0.5170051, 0, 0 ],
        [ 0.38817, 0.8719589, 0.4955593, 0, 0 ],
        [ 0.38817, 0.8719589, 0.4746975, 0, 0 ],
        [ 0.38817, 0.8622681, 0.4746975, 0, 0 ],
        [ 0.38817, 0.8622681, 0.4746975, 0, 0 ],
        [ 0.38817, 0.8622681, 0.4746975, 0, 0 ],
        [ 0.38817, 0.8622681, 0.4746975, 0, 0 ],
        [ 0.38817, 0.8768129, 0.5170051, 0, 0 ],
        [ 0.4059994, 0.8914098, 0.7016042, 0, 0 ],
        [ 0.4059994, 0.9109524, 0.7935311, 0, 0 ],
        [ 0.4059994, 0.9109524, 0.8422722, 0, 0 ],
        [ 0.4059994, 0.9109524, 0.8422722, 0, 0 ],
        [ 0.4059994, 0.9109524, 0.8422722, 0, 0 ],
        [ 0.4059994, 0.9109524, 0.8422722, 0, 0 ]
    ]
}