{
    "output": 2,
    "input": [
        [ 0.4120553, 0.8914098, 0.7466528, 0, 0 ],
        [ 0.4120553, 0.8914098, 0.7466528, 0, 0 ],
        [ 0.4120553, 0.8914098, 0.7466528, 0, 0 ],
        [ 0.4120553, 0.8768129, 0.7194062, 0, 0 ],
        [ 0.4120553, 0.8768129, 0.7194062, 0, 0 ],
        [ 0.4120553, 0.8671106, 0.6754395, 0, 0 ],
        [ 0.4120553, 0.847776, 0.5849196, 0, 0 ],
        [ 0.4120553, 0.842957, 0.5242848, 0, 0 ],
        [ 0.4120553, 0.8333369, 0.4746975, 0, 0 ],
        [ 0.4120553, 0.8285357, 0.4282498, 0, 0 ],
        [ 0.4120553, 0.8285357, 0.4282498, 0, 0 ],
        [ 0.4120553, 0.8285357, 0.4282498, 0, 0 ],
        [ 0.4120553, 0.8285357, 0.4282498, 0, 0 ],
        [ 0.4120553, 0.8285357, 0.4282498, 0, 0 ],
        [ 0.4120553, 0.8237406, 0.4282498, 0, 0 ],
        [ 0.4120553, 0.8285357, 0.4544123, 0, 0 ],
        [ 0.4120553, 0.8574316, 0.481587, 0, 0 ],
        [ 0.4120553, 0.9060582, 0.6250217, 0, 0 ],
        [ 0.4120553, 0.9060582, 0.6250217, 0, 0 ],
        [ 0.38817, 0.8962869, 0.5849196, 0, 0 ],
        [ 0.38817, 0.8962869, 0.5849196, 0, 0 ],
        [ 0.38817, 0.8768129, 0.4678721, 0, 0 ],
        [ 0.38817, 0.8768129, 0.4678721, 0, 0 ],
        [ 0.4, 0.8768129, 0.4678721, 0, 0 ],
        [ 0.4059994, 0.8768129, 0.4678721, 0, 0 ],
        [ 0.4181681, 0.8816728, 0.481587, 0, 0 ],
        [ 0.4181681, 0.9011697, 0.5540658, 0, 0 ],
        [ 0.4181681, 0.935508, 0.8522468, 0, 0 ],
        [ 0.4181681, 0.935508, 0.8522468, 0, 0 ],
        [ 0.4181681, 0.935508, 0.8522468, 0, 0 ]
    ]
}