{
    "output": 2,
    "input": [
        [ 0.4059994, 0.9011697, 0.755881, 0, 0 ],
        [ 0.4059994, 0.9011697, 0.755881, 0, 0 ],
        [ 0.4059994, 0.9011697, 0.755881, 0, 0 ],
        [ 0.4059994, 0.8914098, 0.7374977, 0, 0 ],
        [ 0.4059994, 0.8914098, 0.7374977, 0, 0 ],
        [ 0.4059994, 0.8768129, 0.6754395, 0, 0 ],
        [ 0.4059994, 0.8622681, 0.5771046, 0, 0 ],
        [ 0.4059994, 0.8526008, 0.5242848, 0, 0 ],
        [ 0.4059994, 0.8526008, 0.4955593, 0, 0 ],
        [ 0.4059994, 0.8526008, 0.4955593, 0, 0 ],
        [ 0.4181681, 0.8574316, 0.5540658, 0, 0 ],
        [ 0.4181681, 0.8622681, 0.5540658, 0, 0 ],
        [ 0.4181681, 0.8622681, 0.5540658, 0, 0 ],
        [ 0.4181681, 0.8622681, 0.5540658, 0, 0 ],
        [ 0.4181681, 0.8914098, 0.5540658, 0, 0 ],
        [ 0.4181681, 0.9011697, 0.5540658, 0, 0 ],
        [ 0.4181681, 0.9011697, 0.5316304, 0, 0 ],
        [ 0.4181681, 0.9011697, 0.4544123, 0, 0 ],
        [ 0.4181681, 0.9011697, 0.4544123, 0, 0 ],
        [ 0.4181681, 0.8914098, 0.3729941, 0, 0 ],
        [ 0.4181681, 0.8914098, 0.3729941, 0, 0 ],
        [ 0.4181681, 0.8914098, 0.3729941, 0, 0 ],
        [ 0.4181681, 0.8914098, 0.3729941, 0, 0 ],
        [ 0.4181681, 0.8914098, 0.3788912, 0, 0 ],
        [ 0.4181681, 0.8962869, 0.3908655, 0, 0 ],
        [ 0.4181681, 0.9011697, 0.4218653, 0, 0 ],
        [ 0.4181681, 0.9011697, 0.4678721, 0, 0 ],
        [ 0.4181681, 0.9011697, 0.7194062, 0, 0 ],
        [ 0.4120553, 0.9011697, 0.7194062, 0, 0 ],
        [ 0.4120553, 0.9011697, 0.7194062, 0, 0 ]
    ]
}