{
    "output": 2,
    "input": [
        [ 0.3708435, 0.9060582, 0.6840897, 0.9060186, 0.9885905 ],
        [ 0.3708435, 0.9060582, 0.6840897, 0.9060186, 0.9885905 ],
        [ 0.3708435, 0.9060582, 0.6840897, 0.9060186, 0.9885905 ],
        [ 0.3708435, 0.9060582, 0.6840897, 0.9060186, 0.9885905 ],
        [ 0.3708435, 0.8962869, 0.6754395, 0.8859295, 0.9885905 ],
        [ 0.3708435, 0.8962869, 0.6754395, 0.8859295, 0.9885905 ],
        [ 0.359569, 0.8622681, 0.5771046, 0.8273689, 0.9885905 ],
        [ 0.359569, 0.8622681, 0.561678, 0.8273689, 0.9885905 ],
        [ 0.359569, 0.8574316, 0.5465207, 0.8273689, 0.9885905 ],
        [ 0.359569, 0.8526008, 0.5242848, 0.8273689, 0.9885905 ],
        [ 0.359569, 0.847776, 0.4955593, 0.8273689, 0.9885905 ],
        [ 0.359569, 0.847776, 0.4746975, 0.8273689, 0.9885905 ],
        [ 0.359569, 0.847776, 0.4030819, 0.8273689, 0.9885905 ],
        [ 0.359569, 0.847776, 0.4030819, 0.8273689, 0.9885905 ],
        [ 0.359569, 0.847776, 0.4030819, 0.8273689, 0.9885905 ],
        [ 0.359569, 0.847776, 0.4030819, 0.8273689, 0.9885905 ],
        [ 0.3708435, 0.8574316, 0.4282498, 0.8563309, 0.9885905 ],
        [ 0.3708435, 0.8768129, 0.4544123, 0.8759922, 0.9885905 ],
        [ 0.3708435, 0.9060582, 0.5771046, 0.8759922, 0.9885905 ],
        [ 0.3708435, 0.9060582, 0.5771046, 0.8759922, 0.9885905 ],
        [ 0.3708435, 0.9011697, 0.5771046, 0.8661261, 0.9885905 ],
        [ 0.3708435, 0.9011697, 0.5771046, 0.8661261, 0.9885905 ],
        [ 0.354014, 0.8914098, 0.5242848, 0.8466064, 0.9885905 ],
        [ 0.354014, 0.8719589, 0.4218653, 0.8466064, 0.9885905 ],
        [ 0.354014, 0.8719589, 0.4218653, 0.8466064, 0.9885905 ],
        [ 0.354014, 0.8719589, 0.4155426, 0.8466064, 0.9885905 ],
        [ 0.354014, 0.8719589, 0.4282498, 0.8563309, 0.9885905 ],
        [ 0.354014, 0.8768129, 0.4678721, 0.8759922, 0.9885905 ],
        [ 0.354014, 0.9060582, 0.5849196, 0.9060186, 0.9885905 ],
        [ 0.354014, 0.9109524, 0.6415469, 0.9060186, 0.9885905 ]
    ]
}