{
    "output": 2,
    "input": [
        [ 0.354014, 0.9060582, 0.6668604, 0.8859295, 0.9885905 ],
        [ 0.354014, 0.9060582, 0.6668604, 0.8859295, 0.9885905 ],
        [ 0.354014, 0.9060582, 0.6668604, 0.8859295, 0.9885905 ],
        [ 0.354014, 0.9060582, 0.6668604, 0.8859295, 0.9885905 ],
        [ 0.354014, 0.9011697, 0.6499144, 0.8661261, 0.9885905 ],
        [ 0.354014, 0.9011697, 0.6499144, 0.8661261, 0.9885905 ],
        [ 0.354014, 0.8914098, 0.6250217, 0.8466064, 0.9885905 ],
        [ 0.354014, 0.8719589, 0.5026427, 0.8466064, 0.9885905 ],
        [ 0.354014, 0.8719589, 0.481587, 0.8466064, 0.9885905 ],
        [ 0.354014, 0.8719589, 0.4477775, 0.8466064, 0.9885905 ],
        [ 0.354014, 0.8719589, 0.4218653, 0.8466064, 0.9885905 ],
        [ 0.354014, 0.8719589, 0.4218653, 0.8466064, 0.9885905 ],
        [ 0.354014, 0.8719589, 0.4218653, 0.8466064, 0.9885905 ],
        [ 0.354014, 0.8719589, 0.4218653, 0.8466064, 0.9885905 ],
        [ 0.354014, 0.8719589, 0.4218653, 0.8466064, 0.9885905 ],
        [ 0.354014, 0.8719589, 0.4218653, 0.8466064, 0.9885905 ],
        [ 0.354014, 0.8914098, 0.4544123, 0.8466064, 0.9885905 ],
        [ 0.354014, 0.9060582, 0.5316304, 0.8466064, 0.9885905 ],
        [ 0.354014, 0.9060582, 0.5316304, 0.8466064, 0.9885905 ],
        [ 0.354014, 0.9060582, 0.5316304, 0.8466064, 0.9885905 ],
        [ 0.354014, 0.9011697, 0.4678721, 0.8178553, 0.9885905 ],
        [ 0.354014, 0.9011697, 0.4678721, 0.8178553, 0.9885905 ],
        [ 0.354014, 0.9011697, 0.3969433, 0.8178553, 0.9885905 ],
        [ 0.354014, 0.9060582, 0.4030819, 0.8178553, 0.9885905 ],
        [ 0.354014, 0.9060582, 0.4030819, 0.8178553, 0.9885905 ],
        [ 0.359569, 0.9060582, 0.4218653, 0.8273689, 0.9885905 ],
        [ 0.3651788, 0.9207578, 0.4477775, 0.8466064, 0.9885905 ],
        [ 0.3765635, 0.9207578, 0.5026427, 0.9060186, 0.9885905 ],
        [ 0.3765635, 0.9207578, 0.7104691, 0.9060186, 0.9885905 ],
        [ 0.3765635, 0.9207578, 0.7194062, 0.9060186, 0.9885905 ]
    ]
}