{
    "output": 2,
    "input": [
        [ 0.3651788, 0.9060582, 0.6668604, 0.8859295, 0.9885905 ],
        [ 0.3651788, 0.9060582, 0.6668604, 0.8859295, 0.9885905 ],
        [ 0.3651788, 0.9011697, 0.6415469, 0.8661261, 0.9885905 ],
        [ 0.3651788, 0.8914098, 0.5849196, 0.8466064, 0.9885905 ],
        [ 0.3651788, 0.8865384, 0.561678, 0.8466064, 0.9885905 ],
        [ 0.3651788, 0.8865384, 0.5465207, 0.8466064, 0.9885905 ],
        [ 0.3651788, 0.8816728, 0.5242848, 0.8466064, 0.9885905 ],
        [ 0.3651788, 0.8816728, 0.4955593, 0.8466064, 0.9885905 ],
        [ 0.3651788, 0.8816728, 0.4678721, 0.8466064, 0.9885905 ],
        [ 0.3651788, 0.8671106, 0.3908655, 0.8466064, 0.9885905 ],
        [ 0.3651788, 0.8671106, 0.3908655, 0.8466064, 0.9885905 ],
        [ 0.3708435, 0.8671106, 0.3908655, 0.8466064, 0.9885905 ],
        [ 0.3708435, 0.8671106, 0.3908655, 0.8466064, 0.9885905 ],
        [ 0.3823389, 0.8865384, 0.4218653, 0.8466064, 0.9885905 ],
        [ 0.4, 0.9060582, 0.4477775, 0.8661261, 0.9885905 ],
        [ 0.4, 0.9060582, 0.561678, 0.8661261, 0.9885905 ],
        [ 0.4, 0.9060582, 0.561678, 0.8563309, 0.9885905 ],
        [ 0.4, 0.9060582, 0.561678, 0.8563309, 0.9885905 ],
        [ 0.3765635, 0.8962869, 0.5465207, 0.8563309, 0.9885905 ],
        [ 0.3765635, 0.8865384, 0.4218653, 0.8563309, 0.9885905 ],
        [ 0.3765635, 0.8865384, 0.4218653, 0.8563309, 0.9885905 ],
        [ 0.3765635, 0.8865384, 0.4218653, 0.8563309, 0.9885905 ],
        [ 0.3765635, 0.8865384, 0.4218653, 0.8563309, 0.9885905 ],
        [ 0.3823389, 0.8914098, 0.4218653, 0.8661261, 0.9885905 ],
        [ 0.38817, 0.9109524, 0.561678, 0.8959383, 0.9885905 ],
        [ 0.38817, 0.9207578, 0.5928027, 0.9060186, 0.9885905 ],
        [ 0.38817, 0.9207578, 0.5928027, 0.9060186, 0.9885905 ],
        [ 0.38817, 0.9207578, 0.6754395, 0.9060186, 0.9885905 ],
        [ 0.38817, 0.9207578, 0.6754395, 0.9060186, 0.9885905 ],
        [ 0.38817, 0.9207578, 0.7016042, 0.9060186, 0.9885905 ]
    ]
}