{
    "output": 2,
    "input": [
        [ 0.359569, 0.8962869, 0.6415469, 0.8859295, 0.9885905 ],
        [ 0.359569, 0.8865384, 0.6168634, 0.8661261, 0.9885905 ],
        [ 0.359569, 0.8671106, 0.561678, 0.8178553, 0.9885905 ],
        [ 0.359569, 0.8671106, 0.561678, 0.8178553, 0.9885905 ],
        [ 0.359569, 0.8622681, 0.5465207, 0.8178553, 0.9885905 ],
        [ 0.359569, 0.8622681, 0.5242848, 0.7990375, 0.9885905 ],
        [ 0.359569, 0.8574316, 0.4955593, 0.7990375, 0.9885905 ],
        [ 0.359569, 0.8574316, 0.4678721, 0.7990375, 0.9885905 ],
        [ 0.359569, 0.8574316, 0.4477775, 0.7990375, 0.9885905 ],
        [ 0.359569, 0.8574316, 0.3969433, 0.7990375, 0.9885905 ],
        [ 0.359569, 0.8574316, 0.3969433, 0.7990375, 0.9885905 ],
        [ 0.359569, 0.8574316, 0.3969433, 0.7990375, 0.9885905 ],
        [ 0.359569, 0.8719589, 0.4155426, 0.7990375, 0.9885905 ],
        [ 0.3651788, 0.8816728, 0.4477775, 0.8084116, 0.9885905 ],
        [ 0.3708435, 0.9060582, 0.5170051, 0.8466064, 0.9885905 ],
        [ 0.3708435, 0.9060582, 0.5170051, 0.8466064, 0.9885905 ],
        [ 0.3708435, 0.8962869, 0.5170051, 0.8466064, 0.9885905 ],
        [ 0.3708435, 0.8962869, 0.5170051, 0.8466064, 0.9885905 ],
        [ 0.3708435, 0.8962869, 0.5170051, 0.8466064, 0.9885905 ],
        [ 0.359569, 0.8865384, 0.4678721, 0.8466064, 0.9885905 ],
        [ 0.359569, 0.8865384, 0.3969433, 0.8466064, 0.9885905 ],
        [ 0.3651788, 0.8914098, 0.4030819, 0.8563309, 0.9885905 ],
        [ 0.3651788, 0.8914098, 0.4030819, 0.8563309, 0.9885905 ],
        [ 0.3708435, 0.9011697, 0.4218653, 0.8563309, 0.9885905 ],
        [ 0.3708435, 0.9158522, 0.4544123, 0.8859295, 0.9885905 ],
        [ 0.38817, 0.935508, 0.7194062, 0.9263949, 0.9885905 ],
        [ 0.38817, 0.935508, 0.7194062, 0.9263949, 0.9885905 ],
        [ 0.38817, 0.935508, 0.7194062, 0.9263949, 0.9885905 ],
        [ 0.38817, 0.935508, 0.7194062, 0.9263949, 0.9885905 ],
        [ 0.38817, 0.935508, 0.7194062, 0.9263949, 0.9885905 ]
    ]
}