{
    "output": 2,
    "input": [
        [ 0.354014, 0.9305857, 0.6668604, 0.8959383, 0.9885905 ],
        [ 0.354014, 0.9305857, 0.6668604, 0.8959383, 0.9885905 ],
        [ 0.354014, 0.9207578, 0.6415469, 0.8859295, 0.9885905 ],
        [ 0.354014, 0.9158522, 0.6415469, 0.8859295, 0.9885905 ],
        [ 0.354014, 0.9109524, 0.6415469, 0.8859295, 0.9885905 ],
        [ 0.354014, 0.9109524, 0.6415469, 0.8859295, 0.9885905 ],
        [ 0.354014, 0.9109524, 0.6415469, 0.8859295, 0.9885905 ],
        [ 0.354014, 0.9109524, 0.6415469, 0.8859295, 0.9885905 ],
        [ 0.354014, 0.9109524, 0.6415469, 0.8859295, 0.9885905 ],
        [ 0.3430674, 0.9060582, 0.5465207, 0.8563309, 0.9885905 ],
        [ 0.3430674, 0.8962869, 0.4678721, 0.8563309, 0.9885905 ],
        [ 0.3430674, 0.8962869, 0.4030819, 0.8563309, 0.9885905 ],
        [ 0.3430674, 0.8962869, 0.4030819, 0.8563309, 0.9885905 ],
        [ 0.3430674, 0.8962869, 0.4030819, 0.8563309, 0.9885905 ],
        [ 0.359569, 0.9011697, 0.4218653, 0.8563309, 0.9885905 ],
        [ 0.359569, 0.9158522, 0.4746975, 0.8563309, 0.9885905 ],
        [ 0.359569, 0.9158522, 0.5026427, 0.8563309, 0.9885905 ],
        [ 0.359569, 0.9158522, 0.5026427, 0.8563309, 0.9885905 ],
        [ 0.359569, 0.9158522, 0.5026427, 0.8563309, 0.9885905 ],
        [ 0.359569, 0.9158522, 0.5026427, 0.8563309, 0.9885905 ],
        [ 0.359569, 0.9158522, 0.481587, 0.8563309, 0.9885905 ],
        [ 0.359569, 0.9158522, 0.4544123, 0.8563309, 0.9885905 ],
        [ 0.359569, 0.9158522, 0.4155426, 0.8563309, 0.9885905 ],
        [ 0.359569, 0.9158522, 0.4155426, 0.8563309, 0.9885905 ],
        [ 0.359569, 0.9158522, 0.4155426, 0.8563309, 0.9885905 ],
        [ 0.359569, 0.9158522, 0.4155426, 0.8563309, 0.9885905 ],
        [ 0.359569, 0.9158522, 0.4155426, 0.8661261, 0.9885905 ],
        [ 0.3651788, 0.9207578, 0.4477775, 0.8859295, 0.9885905 ],
        [ 0.3823389, 0.935508, 0.6087743, 0.9161707, 0.9885905 ],
        [ 0.3823389, 0.935508, 0.7374977, 0.9161707, 0.9885905 ]
    ]
}